"Daily exchange rates by time, type and currency"

" ","Exchange rates (DKK per 100 units of foreign currency)"," "," "," "
" ","Euro  (Jan. 1999-)","US Dollars  (Jan. 1977-)","UK Pounds Sterling  (Jan. 1981-)","Japanese Yen  (Jan. 1981-)"
"2019M03D01",746.1300,655.4800,867.9200,5.8589
"2019M03D04",746.1600,658.1600,869.9000,5.8794
"2019M03D05",746.1400,658.6100,864.0100,5.8844
"2019M03D06",746.0900,659.9600,867.8500,5.9026
"2019M03D07",746.1000,661.9600,868.7700,5.9228
"2019M03D08",746.0000,664.7700,868.4000,5.9814
"2019M03D11",746.0800,663.5400,865.1200,5.9729
"2019M03D12",746.0200,661.6600,866.0000,5.9553
"2019M03D13",746.0100,660.0100,868.6700,5.9259
"2019M03D14",746.2400,660.6800,875.5800,5.9183
"2019M03D15",746.3400,660.0100,873.7800,5.9158
"2019M03D18",746.2100,657.5100,871.1300,5.8970
"2019M03D19",746.2400,657.0200,872.3100,5.8949
"2019M03D20",746.2400,657.2500,864.9000,5.8931
"2019M03D21",746.2600,655.3600,861.2300,5.9265
"2019M03D22",746.2200,660.2500,868.8100,5.9889
"2019M03D25",746.4600,659.1300,871.6500,5.9884
"2019M03D26",746.5400,661.1800,874.8900,5.9857
"2019M03D27",746.6400,663.0300,877.1800,6.0010
"2019M03D28",746.5700,665.5100,872.6200,6.0130
"2019M03D29",746.5200,664.4600,869.7700,5.9986
"2019M04D01",746.4100,664.3000,871.3800,5.9866
"2019M04D02",746.4600,666.4800,867.9800,5.9846
"2019M04D03",746.4300,663.9100,874.1400,5.9571
"2019M04D04",746.3900,665.2900,873.8100,5.9706
"2019M04D05",746.4600,664.5200,868.6000,5.9507
"2019M04D08",746.5100,663.8000,866.1900,5.9549
"2019M04D09",746.5000,661.9700,864.6600,5.9477
"2019M04D10",746.5200,661.8700,867.2100,5.9541
"2019M04D11",746.4800,662.7100,866.3100,5.9575
"2019M04D12",746.4300,659.3300,865.0200,5.8885
"2019M04D15",746.3900,659.7600,864.8300,5.8929
"2019M04D16",746.4200,660.2600,864.0100,5.8964
"2019M04D17",746.5200,660.5800,862.1000,5.9009
"2019M04D23",746.5900,663.9300,863.6100,5.9338
"2019M04D24",746.6600,666.1300,862.7400,5.9571
"2019M04D25",746.6300,671.2500,863.8100,5.9994
"2019M04D26",746.5400,670.5600,864.6500,5.9987
"2019M04D29",746.5200,669.5200,864.6300,5.9894
"2019M04D30",746.4600,665.4100,865.4800,5.9750
"2019M05D01",..,..,..,..
"2019M05D02",746.5500,665.8500,868.7900,5.9719
"2019M05D03",746.5700,669.2700,870.2800,6.0014
"2019M05D06",746.6200,666.6800,873.5500,6.0148
"2019M05D07",746.5700,667.4700,871.7000,6.0339
"2019M05D08",746.5700,666.4600,867.1500,6.0544
"2019M05D09",746.5900,667.0200,866.9200,6.0743
"2019M05D10",746.5800,664.8100,865.6000,6.0574
"2019M05D13",746.6800,664.0100,864.7100,6.0676
"2019M05D14",746.9100,665.3400,861.2600,6.0724
"2019M05D15",746.9500,667.9300,860.3400,6.1105
"2019M05D16",746.7800,666.5900,853.8200,6.0808
"2019M05D20",746.8100,668.7700,852.3300,6.0880
"2019M05D21",746.8500,669.1600,852.4700,6.0587
"2019M05D22",746.8000,668.5200,845.9400,6.0582
"2019M05D23",746.8400,670.4700,847.7200,6.0937
"2019M05D24",746.7800,667.5400,845.5600,6.0907
"2019M05D27",746.8800,666.9800,846.5600,6.0940
"2019M05D28",746.8900,667.3400,845.1600,6.0996
"2019M05D29",746.8700,669.4800,846.5500,6.1264
"2019M06D03",746.8000,667.6800,842.7200,6.1632
"2019M06D04",746.7900,664.1700,841.5700,6.1404
"2019M06D06",746.8700,662.9400,843.3700,6.1309
"2019M06D07",746.8000,662.4700,842.1800,6.1078
"2019M06D11",746.8700,659.7800,838.3800,6.0677
"2019M06D12",746.7800,659.5200,840.9200,6.0852
"2019M06D13",746.7800,661.5100,839.5700,6.0992
"2019M06D14",746.7600,662.9000,838.1800,6.1260
"2019M06D17",746.7400,664.7100,837.0800,6.1178
"2019M06D18",746.7200,667.4900,835.2300,6.1672
"2019M06D19",746.7100,666.2900,838.8100,6.1463
"2019M06D20",746.6100,660.3100,837.4300,6.1343
"2019M06D21",746.5700,659.7500,834.8600,6.1375
"2019M06D24",746.6300,655.2800,835.4800,6.1074
"2019M06D25",746.5400,655.5500,834.2600,6.1207
"2019M06D26",746.5100,657.0200,833.1300,6.0989
"2019M06D27",746.4100,656.4700,834.6500,6.0862
"2019M06D28",746.3600,655.8500,832.4800,6.0878
"2019M07D01",746.4700,657.7400,832.0200,6.0723
"2019M07D02",746.3900,660.4600,834.4900,6.1000
"2019M07D03",746.4100,660.9500,831.6500,6.1377
"2019M07D04",746.3300,661.1700,831.7500,6.1351
"2019M07D05",746.3500,662.8300,832.0200,6.1292
"2019M07D08",746.3100,665.4600,832.7000,6.1273
"2019M07D09",746.3400,666.0800,829.5000,6.1211
"2019M07D10",746.3700,665.2100,829.9600,6.1078
"2019M07D11",746.7300,661.7000,831.6400,6.1237
"2019M07D12",746.7300,663.5800,831.6600,6.1293
"2019M07D15",746.6900,662.6100,830.8300,6.1395
"2019M07D16",746.7800,665.4000,827.3700,6.1651
"2019M07D17",746.6900,665.8000,826.5300,6.1496
"2019M07D18",746.7200,665.7600,831.0500,6.1769
"2019M07D19",746.6200,665.0800,832.9600,6.1740
"2019M07D22",746.6000,665.7200,829.8500,6.1687
"2019M07D23",746.5900,668.2100,831.1100,6.1794
"2019M07D24",746.4900,670.1000,837.4100,6.1996
"2019M07D25",746.4800,671.6000,839.0900,6.2129
"2019M07D26",746.6300,670.3400,832.9900,6.1674
"2019M07D29",746.6800,671.5400,825.5800,6.1806
"2019M07D30",746.6600,669.4100,814.6600,6.1707
"2019M07D31",746.7400,669.6600,815.0100,6.1694
"2019M08D01",746.6000,676.4500,819.0900,6.2123
"2019M08D02",746.6000,672.2500,815.9100,6.2967
"2019M08D05",746.5800,667.6600,812.5600,6.2944
"2019M08D06",746.4400,667.2400,812.8500,6.2673
"2019M08D07",746.3100,666.2300,808.1100,6.2990
"2019M08D08",746.3100,666.7600,810.1900,6.2905
"2019M08D09",746.3100,666.4700,804.0400,6.2974
"2019M08D12",746.3300,666.7200,805.8400,6.3415
"2019M08D13",746.3300,665.0600,803.9800,6.3243
"2019M08D14",746.0800,666.8600,805.0700,6.2971
"2019M08D15",745.9000,668.9700,811.9700,6.3014
"2019M08D16",745.9000,673.4400,819.3700,6.3335
"2019M08D19",745.8200,671.7300,814.3700,6.3023
"2019M08D20",745.6000,673.1700,813.7700,6.3299
"2019M08D21",745.6400,671.5100,814.5100,6.3062
"2019M08D22",745.5800,672.7200,817.9700,6.3115
"2019M08D23",745.5900,673.8300,824.2800,6.3298
"2019M08D26",745.6400,670.7800,821.1200,6.3367
"2019M08D27",745.7800,671.6300,824.6600,6.3508
"2019M08D28",745.7800,672.9000,821.1400,6.3644
"2019M08D29",745.7000,673.5000,823.7000,6.3367
"2019M08D30",745.6200,675.6300,823.3000,6.3576
"2019M09D02",745.6300,679.8200,821.0000,6.3915
"2019M09D03",745.6600,681.7800,820.4400,6.4253
"2019M09D04",745.8400,676.9300,826.3700,6.3731
"2019M09D05",745.8800,674.5200,832.6400,6.3226
"2019M09D06",746.1400,676.6500,832.4200,6.3227
"2019M09D09",745.9800,676.1400,835.6000,6.3213
"2019M09D10",746.0800,675.8000,835.4800,6.2950
"2019M09D11",746.0700,678.0600,837.0300,6.2954
"2019M09D12",746.2200,680.6700,839.2000,6.3164
"2019M09D13",746.7800,673.0200,838.2000,6.2320
"2019M09D16",746.7000,676.9100,843.6300,6.2769
"2019M09D17",746.7100,677.2300,840.7700,6.2628
"2019M09D18",746.7300,675.5900,841.6700,6.2467
"2019M09D19",746.7200,674.7300,841.5200,6.2508
"2019M09D20",746.6800,676.9500,846.2900,6.2688
"2019M09D23",746.6400,679.6900,845.1600,6.3237
"2019M09D24",746.6100,678.5500,846.9500,6.3032
"2019M09D25",746.4800,679.7300,841.8800,6.3261
"2019M09D26",746.4300,682.4200,843.3800,6.3402
"2019M09D27",746.6100,682.7700,840.9900,6.3160
"2019M09D30",746.6200,685.6600,842.9400,6.3493
"2019M10D01",746.5500,685.0300,839.2400,6.3267
"2019M10D02",746.6500,683.4300,839.2200,6.3561
"2019M10D03",746.5600,681.7300,840.8200,6.3716
"2019M10D04",746.6600,680.0800,838.5200,6.3692
"2019M10D07",746.7900,679.3300,837.6300,6.3589
"2019M10D08",746.8900,679.8600,831.7700,6.3603
"2019M10D09",746.9100,680.1800,831.2900,6.3346
"2019M10D10",746.8400,677.1000,828.4000,6.3014
"2019M10D11",746.8800,676.3400,853.4000,6.2370
"2019M10D14",746.8900,677.0800,848.9000,6.2554
"2019M10D15",746.9900,678.6500,858.0400,6.2651
"2019M10D16",747.1200,677.6600,863.1200,6.2312
"2019M10D17",747.0700,672.2500,860.2800,6.1838
"2019M10D18",747.0200,670.3300,864.2600,6.1753
"2019M10D21",747.0800,668.6500,869.4100,6.1595
"2019M10D22",747.0800,671.2300,868.0400,6.1809
"2019M10D23",747.0700,671.6400,864.5800,6.1931
"2019M10D24",747.0500,671.3200,865.7600,6.1811
"2019M10D25",747.0400,672.5800,862.6500,6.1949
"2019M10D28",747.0700,673.8300,865.3900,6.1900
"2019M10D29",747.0600,673.3300,865.3700,6.1802
"2019M10D30",747.0900,672.6900,866.6900,6.1748
"2019M10D31",747.0800,669.7900,867.3600,6.1880
"2019M11D01",747.1200,670.7200,868.6600,6.2038
"2019M11D04",747.1300,669.5900,865.0500,6.1782
"2019M11D05",747.1200,672.5400,867.6000,6.1781
"2019M11D06",747.1300,673.7000,868.4200,6.1808
"2019M11D07",747.2000,674.5500,864.3900,6.1803
"2019M11D08",747.2700,677.2400,867.3300,6.1901
"2019M11D11",747.2200,676.7700,871.4600,6.2118
"2019M11D12",747.2300,678.3700,870.6900,6.2145
"2019M11D13",747.2500,678.9500,871.3300,6.2380
"2019M11D14",747.2000,679.4600,872.4600,6.2532
"2019M11D15",747.2300,677.2100,872.3200,6.2295
"2019M11D18",747.2600,675.5800,875.7300,6.1988
"2019M11D19",747.2100,674.5600,873.1800,6.2030
"2019M11D20",747.3100,675.7500,871.8500,6.2297
"2019M11D21",747.3200,673.8100,873.5700,6.2039
"2019M11D22",747.2700,675.7700,869.1200,6.2257
"2019M11D25",747.1600,678.7400,873.7200,6.2326
"2019M11D26",747.2000,678.0400,871.7300,6.2220
"2019M11D27",747.1200,678.6400,874.3400,6.2167
"2019M11D28",747.1500,678.9200,877.1400,6.2004
"2019M11D29",747.1300,680.3200,876.6600,6.2039
"2019M12D02",747.1200,677.7800,876.7200,6.1873
"2019M12D03",747.1900,674.9100,876.9800,6.2064
"2019M12D04",747.1500,674.2600,883.0500,6.2030
"2019M12D05",747.1600,673.4800,884.5300,6.1907
"2019M12D06",747.2200,673.5400,884.7800,6.2041
"2019M12D09",747.2300,674.7000,887.5000,6.2191
"2019M12D10",747.3100,674.6500,888.8800,6.2136
"2019M12D11",747.2800,674.7400,887.0300,6.2046
"2019M12D12",747.3200,671.0200,883.7700,6.1788
"2019M12D13",747.3100,668.7900,894.9000,6.1040
"2019M12D16",747.3100,670.4700,895.8900,6.1270
"2019M12D17",747.3100,669.5100,881.8000,6.1100
"2019M12D18",747.2000,672.2400,878.4900,6.1341
"2019M12D19",747.2300,672.1500,878.3400,6.1384
"2019M12D20",747.2000,673.3400,877.6900,6.1594
"2019M12D23",747.1900,674.6600,871.7900,6.1660
"2019M12D27",747.0400,669.8100,877.5300,6.1118
"2019M12D30",746.9700,667.5900,876.6400,6.1132
"2020M01D02",747.1900,667.5500,880.8300,6.1371
"2020M01D03",747.3100,670.4100,878.0000,6.1997
"2020M01D06",747.3200,667.6100,876.9800,6.1752
"2020M01D07",747.3100,668.9100,877.3000,6.1685
"2020M01D08",747.3100,672.3400,880.5600,6.1833
"2020M01D09",747.3100,672.6500,876.2500,6.1487
"2020M01D10",747.3100,673.8000,881.1600,6.1456
"2020M01D13",747.3200,671.6900,871.4100,6.1130
"2020M01D14",747.3100,672.3400,872.8400,6.1095
"2020M01D15",747.2700,670.6800,872.1300,6.1037
"2020M01D16",747.2900,669.0800,874.3300,6.0854
"2020M01D17",747.2900,672.7500,878.0800,6.1098
"2020M01D20",747.2600,674.1200,876.2900,6.1181
"2020M01D21",747.2500,672.2900,878.8100,6.1095
"2020M01D22",747.2900,673.9600,884.9400,6.1288
"2020M01D23",747.3200,673.8100,884.4200,6.1508
"2020M01D24",747.3000,677.2100,886.3400,6.1781
"2020M01D27",747.2800,677.8000,885.8400,6.2216
"2020M01D28",747.2800,679.0400,883.2800,6.2263
"2020M01D29",747.2800,679.2800,883.5200,6.2242
"2020M01D30",747.2900,677.5700,887.7000,6.2259
"2020M01D31",747.3100,676.1800,887.8100,6.2095
"2020M02D03",747.2900,675.3000,881.5000,6.2222
"2020M02D04",747.2900,676.4000,880.4100,6.2005
"2020M02D05",747.2800,677.9300,884.9400,6.1789
"2020M02D06",747.2500,679.1300,880.8300,6.1823
"2020M02D07",747.2400,681.2300,882.0100,6.2006
"2020M02D10",747.2400,682.3500,882.9700,6.2177
"2020M02D11",747.2100,685.4500,886.1100,6.2408
"2020M02D12",747.1800,684.6100,888.8900,6.2249
"2020M02D13",747.2100,687.6000,896.2000,6.2680
"2020M02D14",747.1300,689.1100,897.9100,6.2726
"2020M02D17",747.0100,689.4400,897.4400,6.2748
"2020M02D18",747.0200,690.6600,900.1900,6.2933
"2020M02D19",746.9300,691.6000,898.3100,6.2583
"2020M02D20",746.8100,692.1300,890.7600,6.1791
"2020M02D21",747.0200,691.6200,894.5300,6.1758
"2020M02D24",746.9900,690.5100,891.0500,6.1981
"2020M02D25",747.0100,689.1200,893.2300,6.2292
"2020M02D26",747.1000,686.9900,887.8200,6.2191
"2020M02D27",747.2500,681.5500,879.1700,6.2033
"2020M02D28",747.2300,680.7200,875.8500,6.2603
"2020M03D02",747.3000,671.9100,857.8500,6.2369
"2020M03D03",747.3000,672.2100,858.8700,6.2395
"2020M03D04",747.2700,671.7000,860.4100,6.2491
"2020M03D05",747.1200,667.8500,862.0300,6.2453
"2020M03D06",746.9700,658.9400,856.9600,6.2728
"2020M03D09",746.9500,652.0200,854.8000,6.3776
"2020M03D10",747.1400,655.9600,855.0000,6.2970
"2020M03D11",747.2600,659.1900,852.1600,6.3033
"2020M03D12",747.2700,664.8300,843.2000,6.3957
"2020M03D13",747.3200,673.0200,839.0300,6.2742
"2020M03D16",747.3100,669.8100,821.9600,6.3460
"2020M03D17",747.3200,680.5000,822.8300,6.3602
"2020M03D18",747.3200,683.4800,810.6300,6.3451
"2020M03D19",747.3100,691.8900,803.6900,6.2995
"2020M03D20",746.9100,697.5900,820.5300,6.3100
"2020M03D23",747.0600,692.8100,803.5500,6.2720
"2020M03D24",746.6900,688.6400,810.7400,6.2229
"2020M03D25",746.8200,689.7800,816.1700,6.1889
"2020M03D26",746.5900,679.8900,817.3000,6.2123
"2020M03D27",746.0600,679.6600,831.3300,6.2505
"2020M03D30",746.6700,676.7000,839.9000,6.2567
"2020M03D31",746.7400,681.5800,842.4100,6.2804
"2020M04D01",746.4200,682.5300,843.7900,6.3498
"2020M04D02",746.6100,684.5900,850.9500,6.3780
"2020M04D03",746.8900,692.5300,850.1900,6.3782
"2020M04D06",746.6000,691.8700,850.3400,6.3519
"2020M04D07",746.7500,686.0400,847.6800,6.2990
"2020M04D08",746.4000,686.6000,848.6800,6.3062
"2020M04D14",746.2300,680.6800,855.2500,6.3423
"2020M04D15",746.3700,684.5500,854.1200,6.3727
"2020M04D16",746.1900,685.3300,856.0900,6.3712
"2020M04D17",746.0300,686.9500,857.7200,6.3840
"2020M04D20",745.8400,686.7800,853.9200,6.3687
"2020M04D21",745.8200,688.2200,846.3700,6.4079
"2020M04D22",745.8900,686.3800,848.3700,6.3746
"2020M04D23",745.7700,692.3200,855.2400,6.4429
"2020M04D24",745.7700,690.5300,852.3300,6.4169
"2020M04D27",745.9100,687.3500,854.7800,6.4181
"2020M04D28",745.7000,685.5800,856.3600,6.4251
"2020M04D29",745.7100,687.8000,853.4300,6.4552
"2020M04D30",745.8400,685.7700,858.2200,6.4369
"2020M05D01",..,..,..,..
"2020M05D04",746.2200,681.9800,848.9600,6.3867
"2020M05D05",746.1200,688.1100,857.0200,6.4482
"2020M05D06",746.1800,690.4600,855.1900,6.5083
"2020M05D07",746.0500,691.8800,852.8400,6.4925
"2020M05D11",745.9500,689.1600,848.8800,6.4217
"2020M05D12",745.7700,686.8400,849.6600,6.3982
"2020M05D13",745.5600,685.5700,844.8800,6.4118
"2020M05D14",745.7300,691.0000,842.6800,6.4577
"2020M05D15",745.7600,690.6500,840.4100,6.4551
"2020M05D18",745.4800,688.2200,836.1800,6.4094
"2020M05D19",745.6200,680.9300,832.7700,6.3188
"2020M05D20",745.6500,680.4600,834.4500,6.3217
"2020M05D25",745.6800,683.4800,833.0200,6.3478
"2020M05D26",745.5800,679.3400,838.8800,6.3228
"2020M05D27",745.8300,678.5800,832.4500,6.2897
"2020M05D28",745.4400,676.6900,830.7800,6.2811
"2020M05D29",745.4200,669.3800,827.4400,6.2488
"2020M06D02",745.4100,667.0900,836.7600,6.1691
"2020M06D03",745.4700,665.9500,837.0000,6.1335
"2020M06D04",745.5700,662.7300,831.3200,6.0873
"2020M06D08",745.5500,660.6600,836.0700,6.0412
"2020M06D09",745.6800,660.2400,836.7100,6.1051
"2020M06D10",745.5300,655.4100,838.0200,6.1029
"2020M06D11",745.4900,656.9400,831.4200,6.1347
"2020M06D12",745.5100,659.5100,831.5500,6.1480
"2020M06D15",745.5900,662.5700,831.6900,6.1706
"2020M06D16",745.6100,659.3700,834.3000,6.1423
"2020M06D17",745.6000,663.8200,833.5600,6.1799
"2020M06D18",745.5600,664.3700,828.1400,6.2130
"2020M06D19",745.5400,665.0700,823.7600,6.2248
"2020M06D22",745.4300,664.7900,825.2500,6.2176
"2020M06D23",745.3700,658.5700,822.4300,6.1575
"2020M06D24",745.3000,660.7300,824.9700,6.1953
"2020M06D25",745.3400,665.4800,826.9300,6.1983
"2020M06D26",745.2300,664.6100,822.7800,6.2139
"2020M06D29",745.3100,660.5000,814.1900,6.1560
"2020M06D30",745.2600,665.5300,816.7900,6.1765
"2020M07D01",745.2800,665.4300,824.1500,6.1947
"2020M07D02",745.0600,660.1600,825.7800,6.1453
"2020M07D03",745.1600,663.9000,826.8500,6.1747
"2020M07D06",745.1600,657.9800,823.3400,6.1189
"2020M07D07",745.2200,660.0700,826.6400,6.1280
"2020M07D08",744.9300,660.0500,828.4100,6.1367
"2020M07D09",745.0300,656.8800,831.0000,6.1234
"2020M07D10",744.8300,660.5400,831.5600,6.1822
"2020M07D13",744.4800,657.1500,827.7700,6.1325
"2020M07D14",744.4700,654.4800,820.1000,6.0937
"2020M07D15",744.6500,650.6900,822.4500,6.0912
"2020M07D16",744.5200,652.2900,819.2800,6.0906
"2020M07D17",744.5300,651.5000,817.4600,6.0763
"2020M07D20",744.8000,650.5900,822.3000,6.0736
"2020M07D21",744.4900,650.6100,826.7100,6.0676
"2020M07D22",744.4200,642.9600,816.9400,6.0063
"2020M07D23",744.2900,643.3500,816.1500,6.0033
"2020M07D24",744.3800,641.2600,818.1300,6.0342
"2020M07D27",744.3600,632.9600,814.9300,6.0087
"2020M07D28",744.2900,635.2200,818.1900,6.0345
"2020M07D29",744.2700,634.7700,823.4400,6.0372
"2020M07D30",744.2600,633.7900,824.5000,6.0225
"2020M07D31",744.4200,628.3100,826.6500,5.9884
"2020M08D03",744.6600,635.0500,827.2800,5.9807
"2020M08D04",744.6200,632.9100,824.2900,5.9675
"2020M08D05",745.0800,628.5500,825.4400,5.9430
"2020M08D06",745.0000,629.0600,827.4700,5.9619
"2020M08D07",744.8300,630.3000,824.1700,5.9629
"2020M08D10",744.7900,633.1600,826.1200,5.9707
"2020M08D11",744.6900,632.0000,828.8800,5.9590
"2020M08D12",744.7200,632.6700,823.1200,5.9142
"2020M08D13",744.7400,629.3800,824.0700,5.8836
"2020M08D14",744.7000,630.4100,825.8600,5.9098
"2020M08D17",744.7000,628.2800,821.7400,5.9108
"2020M08D18",744.6600,625.4500,823.9700,5.9317
"2020M08D19",744.5300,623.9300,824.1000,5.9212
"2020M08D20",744.5100,628.2800,825.6500,5.9342
"2020M08D21",744.4100,632.5200,829.3800,5.9778
"2020M08D24",744.3500,628.3000,825.4500,5.9424
"2020M08D25",744.2300,629.9600,827.4300,5.9221
"2020M08D26",744.3900,631.4300,829.9600,5.9390
"2020M08D27",744.2900,630.4300,831.5600,5.9382
"2020M08D28",744.3900,624.7500,832.0200,5.9366
"2020M08D31",744.3900,623.4400,830.7500,5.8859
"2020M09D01",744.3400,620.9600,836.5700,5.8646
"2020M09D02",744.1200,627.3700,837.6000,5.9057
"2020M09D03",744.0100,629.8200,834.7000,5.9119
"2020M09D04",744.0300,628.3000,832.9500,5.9149
"2020M09D07",744.1100,629.3200,828.3100,5.9249
"2020M09D08",744.0700,631.3700,822.6000,5.9431
"2020M09D09",744.0300,631.9800,815.7100,5.9499
"2020M09D10",744.0400,627.9300,812.3600,5.9163
"2020M09D11",744.0200,627.6500,805.1500,5.9134
"2020M09D14",743.9800,626.4600,807.0100,5.9131
"2020M09D15",743.9600,625.6000,807.8200,5.9332
"2020M09D16",743.9600,626.8100,813.7600,5.9650
"2020M09D17",743.9600,630.6300,812.8000,6.0298
"2020M09D18",744.0300,628.7800,814.7700,6.0250
"2020M09D21",744.0800,631.2700,812.2400,6.0642
"2020M09D22",744.1700,633.8800,811.1500,6.0610
"2020M09D23",744.2900,636.5800,810.0200,6.0556
"2020M09D24",744.2500,639.1200,815.8100,6.0641
"2020M09D25",744.6500,640.0600,815.2200,6.0669
"2020M09D28",744.5900,638.0400,822.6800,6.0526
"2020M09D29",744.6100,636.3100,818.5900,6.0239
"2020M09D30",744.6200,635.9900,816.1600,6.0166
"2020M10D01",744.2100,633.2600,820.3100,6.0027
"2020M10D02",744.1400,634.3900,820.6900,6.0303
"2020M10D05",744.0000,632.2200,819.2900,5.9879
"2020M10D06",744.0800,630.8400,817.1500,5.9727
"2020M10D07",744.2100,632.2900,814.1200,5.9666
"2020M10D08",744.2300,632.5800,817.5200,5.9686
"2020M10D09",744.2200,630.9600,816.3300,5.9561
"2020M10D12",744.3000,630.8200,821.5400,5.9826
"2020M10D13",744.3200,631.4800,821.6300,5.9842
"2020M10D14",744.3900,633.5200,823.4900,6.0177
"2020M10D15",744.2900,636.2500,822.1000,6.0438
"2020M10D16",744.2000,633.8500,818.5700,6.0215
"2020M10D19",744.1000,631.4000,821.4100,5.9955
"2020M10D20",744.2500,630.1900,814.9100,5.9640
"2020M10D21",744.3200,628.0100,820.1500,5.9895
"2020M10D22",744.0900,629.4600,824.2700,6.0143
"2020M10D23",744.0700,627.5900,820.5900,5.9923
"2020M10D26",744.1200,629.6000,819.9200,5.9942
"2020M10D27",744.0600,628.8500,820.1900,6.0131
"2020M10D28",744.3500,634.7300,821.0200,6.0833
"2020M10D29",744.6200,636.2100,823.4200,6.0989
"2020M10D30",744.6600,636.5700,825.4900,6.0858
"2020M11D02",744.5500,638.9900,826.7900,6.1064
"2020M11D03",744.6200,636.3200,826.9700,6.0756
"2020M11D04",744.6600,635.3200,827.8200,6.0883
"2020M11D05",744.6700,628.1500,823.2900,6.0611
"2020M11D06",744.9300,627.5700,823.7600,6.0731
"2020M11D09",744.7600,626.7400,825.4600,5.9739
"2020M11D10",744.4500,630.4600,834.7400,5.9862
"2020M11D11",744.3200,632.6000,836.9300,5.9992
"2020M11D12",744.5900,631.4900,829.4900,5.9927
"2020M11D13",744.6800,630.2800,830.3500,6.0113
"2020M11D16",744.8000,629.5900,829.2200,5.9992
"2020M11D17",744.8000,626.8300,831.3900,6.0171
"2020M11D18",745.1600,627.8700,833.7600,6.0445
"2020M11D19",744.9800,629.6300,833.5200,6.0528
"2020M11D20",744.8900,627.9100,833.2800,6.0472
"2020M11D23",744.7200,625.7600,837.8200,6.0316
"2020M11D24",744.2400,627.2600,836.1100,5.9990
"2020M11D25",744.1900,625.9000,834.9600,5.9924
"2020M11D26",744.2000,625.3800,834.9700,5.9997
"2020M11D27",744.1500,624.1800,831.9900,5.9901
"2020M11D30",744.1200,621.1400,828.2300,5.9630
"2020M12D01",744.4100,622.0000,828.9800,5.9591
"2020M12D02",744.3800,616.9200,822.6100,5.9017
"2020M12D03",744.3900,612.6200,823.8200,5.8850
"2020M12D04",744.2900,612.1300,824.4100,5.8865
"2020M12D07",744.3300,613.7300,816.0200,5.8933
"2020M12D08",744.3600,614.4600,816.6900,5.8992
"2020M12D09",744.2900,614.6600,826.9900,5.9047
"2020M12D10",744.2300,614.3000,816.9400,5.8818
"2020M12D11",744.2900,613.7500,806.4300,5.8940
"2020M12D14",744.2100,611.9100,820.5200,5.9013
"2020M12D15",744.2700,613.0700,819.7300,5.9032
"2020M12D16",744.1500,610.5100,827.2900,5.9074
"2020M12D17",743.9800,607.5300,826.1900,5.8957
"2020M12D18",743.9300,606.8400,819.0500,5.8720
"2020M12D21",744.0100,611.2000,812.1500,5.9030
"2020M12D22",744.0100,607.9000,816.2700,5.8806
"2020M12D23",743.8000,611.3800,820.0700,5.9036
"2020M12D28",743.6100,608.5700,822.5000,5.8765
"2020M12D29",743.8200,606.7500,818.6200,5.8463
"2020M12D30",743.9300,605.7600,823.7800,5.8776
"2021M01D04",743.7900,604.9000,824.9700,5.8742
"2021M01D05",743.8700,606.2000,823.4800,5.8920
"2021M01D06",743.9300,602.9600,820.8000,5.8563
"2021M01D07",743.9200,606.0000,824.8400,5.8516
"2021M01D08",743.6900,607.0900,825.1500,5.8439
"2021M01D11",743.7200,611.4600,824.2000,5.8672
"2021M01D12",743.8500,611.6700,831.6700,5.8691
"2021M01D13",743.9200,611.4700,836.0200,5.8836
"2021M01D14",743.9300,613.6000,836.4100,5.8944
"2021M01D15",743.9300,613.6500,835.9000,5.9164
"2021M01D18",743.9300,616.6500,835.1900,5.9429
"2021M01D19",743.9300,613.2000,834.9400,5.8967
"2021M01D20",743.8200,614.6800,839.8800,5.9212
"2021M01D21",743.9500,611.9000,839.4400,5.9175
"2021M01D22",744.0400,611.9800,835.5800,5.8962
"2021M01D25",744.0600,612.2900,837.9100,5.9024
"2021M01D26",743.9000,612.6200,838.6900,5.9073
"2021M01D27",743.7700,613.9800,841.4200,5.9090
"2021M01D28",743.6800,615.0700,839.3400,5.8929
"2021M01D29",743.7000,612.8000,841.4500,5.8536
"2021M02D01",743.7300,615.4700,843.2300,5.8668
"2021M02D02",743.7300,617.5100,844.4300,5.8811
"2021M02D03",743.7500,618.9100,843.7800,5.8911
"2021M02D04",743.6700,619.9300,848.0400,5.8909
"2021M02D05",743.6200,620.5600,849.4800,5.8682
"2021M02D08",743.6500,618.4200,846.6600,5.8569
"2021M02D09",743.6900,614.4200,846.7600,5.8753
"2021M02D10",743.7300,613.2800,848.5200,5.8543
"2021M02D11",743.8000,612.3300,847.5900,5.8512
"2021M02D12",743.6100,614.1500,847.3900,5.8483
"2021M02D15",743.6600,613.1300,852.5800,5.8226
"2021M02D16",743.6700,612.4300,851.5300,5.8027
"2021M02D17",743.6800,616.6500,855.2000,5.8127
"2021M02D18",743.6200,615.3800,859.2800,5.8236
"2021M02D19",743.6800,612.6400,859.6700,5.8186
"2021M02D22",743.6500,612.9200,859.4100,5.8098
"2021M02D23",743.6600,612.4200,861.6400,5.8108
"2021M02D24",743.6400,612.2500,864.4000,5.7785
"2021M02D25",743.6300,608.2900,860.6000,5.7321
"2021M02D26",743.6100,613.4900,854.2000,5.7720
"2021M03D01",743.6000,616.9400,859.0800,5.7809
"2021M03D02",743.6100,618.2300,860.3300,5.7832
"2021M03D03",743.6200,617.2100,861.1600,5.7730
"2021M03D04",743.6100,617.9200,861.9600,5.7542
"2021M03D05",743.6300,622.9100,861.6800,5.7512
"2021M03D08",743.6200,626.6800,867.4200,5.7690
"2021M03D09",743.6600,625.2400,867.7100,5.7425
"2021M03D10",743.6600,625.3400,868.2000,5.7594
"2021M03D11",743.6600,621.3200,868.0500,5.7284
"2021M03D12",743.6600,623.2000,866.3800,5.7143
"2021M03D15",743.6200,623.8400,868.0100,5.7127
"2021M03D16",743.6000,623.5100,865.2000,5.7253
"2021M03D17",743.6000,624.5100,868.0000,5.7191
"2021M03D18",743.6000,624.2400,868.9500,5.7165
"2021M03D19",743.6400,625.3800,867.0900,5.7406
"2021M03D22",743.6000,623.5100,862.3100,5.7301
"2021M03D23",743.6000,625.7700,862.6700,5.7648
"2021M03D24",743.6000,628.8400,862.1400,5.7823
"2021M03D25",743.6000,630.0600,863.9700,5.7755
"2021M03D26",743.6100,631.1400,869.6900,5.7493
"2021M03D29",743.6000,631.0300,873.5900,5.7559
"2021M03D30",743.6900,633.4100,871.0600,5.7437
"2021M03D31",743.7300,634.3100,872.8300,5.7250
"2021M04D06",743.7900,629.6900,871.3800,5.7096
"2021M04D07",743.6500,625.7600,864.0600,5.6958
"2021M04D08",743.7700,626.4400,861.9400,5.7341
"2021M04D09",743.7200,625.6100,858.2200,5.7025
"2021M04D12",743.6900,624.7400,859.5800,5.7119
"2021M04D13",743.7400,625.2000,857.8500,5.7110
"2021M04D14",743.7200,621.6300,855.6600,5.7064
"2021M04D15",743.7200,621.3200,857.2800,5.7148
"2021M04D16",743.6800,620.4600,856.8400,5.7044
"2021M04D19",743.6400,617.9000,861.1400,5.7164
"2021M04D20",743.6500,617.0900,861.7500,5.6924
"2021M04D21",743.6400,619.3400,862.1900,5.7291
"2021M04D22",743.6600,617.3500,856.2100,5.7073
"2021M04D23",743.6100,616.2900,855.6600,5.7210
"2021M04D26",743.6200,615.3200,854.9800,5.6965
"2021M04D27",743.6000,615.1600,855.7500,5.6815
"2021M04D28",743.6000,616.0700,854.8300,5.6560
"2021M04D29",743.6000,613.0800,855.6000,5.6248
"2021M05D03",743.6500,617.4400,856.3600,5.6380
"2021M05D04",743.6100,618.5900,856.9900,5.6652
"2021M05D05",743.6000,619.4100,861.9100,5.6677
"2021M05D06",743.6000,616.5800,857.5900,5.6466
"2021M05D07",743.6100,616.6400,856.5900,5.6437
"2021M05D10",743.6100,611.0700,862.7100,5.6202
"2021M05D11",743.6000,611.0100,864.5200,5.6282
"2021M05D12",743.6000,613.6300,866.6900,5.6410
"2021M05D17",743.6300,612.3900,862.5300,5.6081
"2021M05D18",743.6300,608.4400,864.7100,5.5874
"2021M05D19",743.6000,608.9100,862.3100,5.5784
"2021M05D20",743.6400,609.3900,860.6900,5.5934
"2021M05D21",743.6200,610.1200,865.9800,5.6076
"2021M05D25",743.6000,606.3300,858.9300,5.5705
"2021M05D26",743.6000,608.0600,861.3500,5.5843
"2021M05D27",743.6300,609.6300,864.0000,5.5736
"2021M05D28",743.6600,612.4700,867.0900,5.5642
"2021M05D31",743.6500,609.5000,864.5800,5.5583
"2021M06D01",743.6600,608.3100,861.8600,5.5476
"2021M06D02",743.6500,610.2500,863.4500,5.5612
"2021M06D03",743.6500,610.2000,865.1600,5.5575
"2021M06D04",743.6800,613.7500,867.8700,5.5752
"2021M06D07",743.6900,611.4900,866.5200,5.5925
"2021M06D08",743.6400,610.4400,863.6900,5.5795
"2021M06D09",743.6600,609.8100,864.1900,5.5755
"2021M06D10",743.6400,610.8400,861.7600,5.5766
"2021M06D11",743.6100,613.2900,867.5900,5.5961
"2021M06D14",743.6100,613.9400,865.6900,5.5932
"2021M06D15",743.6200,614.1600,863.1700,5.5794
"2021M06D16",743.6600,613.3800,866.4300,5.5835
"2021M06D17",743.6900,623.0100,869.5600,5.6302
"2021M06D18",743.6400,625.0100,866.8600,5.6714
"2021M06D21",743.6400,625.3800,868.0300,5.6805
"2021M06D22",743.6000,625.1900,869.1000,5.6548
"2021M06D23",743.6200,622.2200,870.3900,5.6148
"2021M06D24",743.6200,623.0100,865.8500,5.6250
"2021M06D25",743.6300,622.2800,865.1900,5.6221
"2021M06D28",743.6900,624.4200,867.6800,5.6285
"2021M06D29",743.6300,625.5300,865.2100,5.6533
"2021M06D30",743.6200,625.7300,866.6400,5.6579
"2021M07D01",743.6000,625.7200,864.3200,5.6155
"2021M07D02",743.6000,628.9400,864.6200,5.6445
"2021M07D05",743.6000,626.6600,868.0300,5.6513
"2021M07D06",743.6100,628.1600,870.2300,5.6768
"2021M07D07",743.6100,628.5300,869.7200,5.6825
"2021M07D08",743.6600,628.2000,863.3900,5.7244
"2021M07D09",743.6700,627.1500,867.1700,5.7004
"2021M07D12",743.7500,627.5300,869.1700,5.6971
"2021M07D13",743.8000,628.0000,869.7600,5.6974
"2021M07D14",743.7600,629.6600,873.3900,5.7081
"2021M07D15",743.7500,629.8200,873.0700,5.7242
"2021M07D16",743.8100,630.2400,872.0100,5.7203
"2021M07D19",743.7700,632.1300,865.7200,5.7674
"2021M07D20",743.8100,631.6900,859.4500,5.7646
"2021M07D21",743.8500,631.8800,861.3100,5.7383
"2021M07D22",743.8200,631.6900,869.3200,5.7292
"2021M07D23",743.8200,632.1200,869.5300,5.7169
"2021M07D26",743.7200,630.9700,870.1700,5.7187
"2021M07D27",743.7100,629.7300,869.8100,5.7217
"2021M07D28",743.7300,629.9100,874.0000,5.7223
"2021M07D29",743.7600,626.4300,874.1900,5.7032
"2021M07D30",743.7900,625.5100,873.6100,5.7043
"2021M08D02",743.8100,625.7900,869.2600,5.7141
"2021M08D03",743.7600,625.8000,871.3700,5.7345
"2021M08D04",743.6700,626.9900,873.3300,5.7511
"2021M08D05",743.6600,627.5600,874.2800,5.7297
"2021M08D06",743.7100,629.8900,876.6000,5.7367
"2021M08D09",743.7000,632.3400,877.5700,5.7429
"2021M08D10",743.7300,634.4700,879.4500,5.7440
"2021M08D11",743.7300,634.6900,878.1000,5.7351
"2021M08D12",743.7100,633.5400,877.6100,5.7381
"2021M08D13",743.7000,632.1300,873.9800,5.7367
"2021M08D16",743.6700,631.7300,876.2200,5.7761
"2021M08D17",743.6500,631.9800,871.5700,5.7840
"2021M08D18",743.6800,634.3800,873.0400,5.7797
"2021M08D19",743.6900,635.8500,869.5800,5.8006
"2021M08D20",743.6800,637.2000,867.2700,5.8114
"2021M08D23",743.6900,634.6600,868.4400,5.7641
"2021M08D24",743.7000,633.4800,869.0300,5.7768
"2021M08D25",743.6600,633.6600,868.8600,5.7648
"2021M08D26",743.6600,631.9900,867.5700,5.7381
"2021M08D27",743.6300,632.2800,867.6800,5.7383
"2021M08D30",743.6100,630.1200,867.2000,5.7351
"2021M08D31",743.6000,628.3600,865.9100,5.7222
"2021M09D01",743.6100,629.2700,866.0400,5.7047
"2021M09D02",743.6000,627.7200,865.5100,5.7064
"2021M09D03",743.6100,626.3600,866.2700,5.6964
"2021M09D06",743.6000,626.7700,867.5800,5.7051
"2021M09D07",743.6200,627.0000,863.5200,5.6978
"2021M09D08",743.6000,628.7300,865.9300,5.7064
"2021M09D09",743.6200,628.1600,869.1700,5.7158
"2021M09D10",743.6200,628.0000,872.1800,5.7188
"2021M09D13",743.6200,631.2600,873.6100,5.7369
"2021M09D14",743.6100,629.4300,872.1700,5.7166
"2021M09D15",743.6100,628.9000,869.6200,5.7595
"2021M09D16",743.6000,632.1500,874.5700,5.7791
"2021M09D17",743.6000,631.2400,871.1000,5.7372
"2021M09D20",743.5900,634.9500,867.6200,5.8011
"2021M09D21",743.6000,633.5000,866.1100,5.7940
"2021M09D22",743.6100,633.9900,864.6600,5.7868
"2021M09D23",743.6200,634.7600,869.7800,5.7699
"2021M09D24",743.6200,634.5400,867.6700,5.7427
"2021M09D27",743.6000,635.6600,870.5200,5.7315
"2021M09D28",743.6000,636.7500,865.1500,5.7125
"2021M09D29",743.6000,638.0600,860.2200,5.7248
"2021M09D30",743.6000,642.2000,864.1200,5.7346
"2021M10D01",743.7200,641.1400,868.2900,5.7666
"2021M10D04",743.7400,639.1700,869.5700,5.7561
"2021M10D05",743.7900,641.0900,873.2700,5.7663
"2021M10D06",743.9800,644.5800,875.5800,5.7888
"2021M10D07",743.9900,643.4800,875.0500,5.7772
"2021M10D08",744.1300,643.2100,876.5800,5.7542
"2021M10D11",744.1200,642.9200,876.6900,5.6933
"2021M10D12",744.0800,643.9500,877.9200,5.6774
"2021M10D13",744.0700,643.5500,876.4300,5.6669
"2021M10D14",744.0600,641.3200,879.3200,5.6518
"2021M10D15",744.0200,641.2900,881.8700,5.6089
"2021M10D18",744.0000,641.1600,881.1200,5.6168
"2021M10D19",744.0600,638.4000,882.9000,5.5894
"2021M10D20",744.0400,640.1400,880.4900,5.6036
"2021M10D21",744.0600,639.3900,882.7400,5.6008
"2021M10D22",744.0500,639.7700,881.8900,5.6184
"2021M10D25",743.9900,641.2000,881.7100,5.6414
"2021M10D26",743.9200,640.3200,883.7500,5.6158
"2021M10D27",743.9400,640.3900,880.0900,5.6359
"2021M10D28",743.9100,641.6900,881.6900,5.6485
"2021M10D29",743.8900,638.8100,880.4500,5.6092
"2021M11D01",743.9600,642.5600,879.6500,5.6280
"2021M11D02",743.9900,641.2000,875.7500,5.6350
"2021M11D03",743.8100,642.4300,876.9000,5.6392
"2021M11D04",743.7700,642.9000,871.4400,5.6445
"2021M11D05",743.7600,645.6800,869.4400,5.6784
"2021M11D08",743.8300,642.4000,870.2000,5.6655
"2021M11D09",743.7700,642.4500,871.1300,5.6820
"2021M11D10",743.7600,643.5000,869.4100,5.6819
"2021M11D11",743.7200,648.9700,869.4600,5.6951
"2021M11D12",743.7000,649.6300,869.7700,5.6989
"2021M11D15",743.7500,649.9000,873.3000,5.7071
"2021M11D16",743.6700,654.1800,879.7400,5.7254
"2021M11D17",743.6500,657.1700,884.3500,5.7301
"2021M11D18",743.6200,655.4600,883.4400,5.7387
"2021M11D19",743.6600,659.8000,886.0700,5.7999
"2021M11D22",743.6800,659.4100,886.1500,5.7788
"2021M11D23",743.6400,660.4800,883.3400,5.7486
"2021M11D24",743.6700,663.6400,886.0100,5.7622
"2021M11D25",743.6200,662.5900,882.1600,5.7462
"2021M11D26",743.6500,658.6200,878.8100,5.7728
"2021M11D29",743.6700,659.5200,879.2200,5.8004
"2021M11D30",743.6800,654.4800,873.1400,5.8009
"2021M12D01",743.6200,657.2600,874.8500,5.7973
"2021M12D02",743.6200,655.8100,873.4600,5.8123
"2021M12D03",743.6200,658.6000,874.3500,5.8109
"2021M12D06",743.6200,658.8300,873.5300,5.8195
"2021M12D07",743.6300,660.6500,875.5500,5.8173
"2021M12D08",743.6200,658.1300,868.6800,5.7838
"2021M12D09",743.6200,657.4300,867.3000,5.8000
"2021M12D10",743.6200,659.6500,871.2100,5.8005
"2021M12D13",743.6200,659.3500,873.2200,5.8009
"2021M12D14",743.6200,657.5500,871.3100,5.7892
"2021M12D15",743.6200,660.2900,875.0500,5.7982
"2021M12D16",743.6200,655.9800,876.5500,5.7480
"2021M12D17",743.6400,656.3500,872.7300,5.7970
"2021M12D20",743.6300,659.6600,872.7500,5.8105
"2021M12D21",743.6200,658.3600,871.9700,5.7896
"2021M12D22",743.6200,658.0100,875.8800,5.7609
"2021M12D23",743.6200,657.4900,882.8700,5.7471
"2021M12D27",743.6200,657.3700,881.8000,5.7294
"2021M12D28",743.6200,656.2700,882.6600,5.7131
"2021M12D29",743.6500,657.9200,884.0900,5.7217
"2021M12D30",743.6500,656.1200,886.0400,5.7011
"2022M01D03",743.8200,655.0600,884.0800,5.6972
"2022M01D04",743.7800,659.4400,889.5000,5.6704
"2022M01D05",743.8400,657.1600,890.3400,5.6769
"2022M01D06",743.9300,657.4700,889.9400,5.6767
"2022M01D07",743.8000,658.3500,891.5300,5.6822
"2022M01D10",743.8100,657.1900,891.8800,5.7019
"2022M01D11",744.0400,656.3500,891.3300,5.6819
"2022M01D12",744.1400,654.4800,892.9200,5.6722
"2022M01D13",744.0900,649.1200,890.6500,5.6809
"2022M01D14",744.1400,650.0700,891.1000,5.7167
"2022M01D17",744.1700,652.6100,890.4400,5.6963
"2022M01D18",744.2500,654.7500,889.4700,5.7079
"2022M01D19",744.1900,655.9600,894.8000,5.7307
"2022M01D20",744.2400,656.4100,893.8200,5.7457
"2022M01D21",744.3100,655.9000,889.9700,5.7636
"2022M01D24",744.3100,658.4500,888.1700,5.7869
"2022M01D25",744.3700,660.6100,889.1900,5.7932
"2022M01D26",744.2000,659.9300,891.7100,5.7753
"2022M01D27",744.2800,666.9200,892.7600,5.7813
"2022M01D28",744.3200,668.2700,894.8500,5.7843
"2022M01D31",744.1900,667.0800,894.9600,5.7783
"2022M02D01",744.0700,660.8100,891.1200,5.7626
"2022M02D02",743.8300,656.9200,891.9400,5.7496
"2022M02D03",743.8800,659.1200,894.0000,5.7385
"2022M02D04",744.3200,649.2700,879.8800,5.6508
"2022M02D07",744.4300,650.3300,879.0600,5.6572
"2022M02D08",744.3700,652.5000,882.3400,5.6529
"2022M02D09",744.3700,650.9600,883.4700,5.6375
"2022M02D10",744.0400,650.4400,883.1500,5.6188
"2022M02D11",744.0000,651.6600,886.1600,5.6261
"2022M02D14",744.1100,657.5700,888.8100,5.6976
"2022M02D15",744.2200,655.9900,888.4600,5.6733
"2022M02D16",744.1000,654.3300,886.4700,5.6560
"2022M02D17",743.9800,654.3400,891.0700,5.6862
"2022M02D18",743.8200,655.1200,891.6000,5.6958
"2022M02D21",743.9700,656.1700,893.1400,5.7141
"2022M02D22",743.9200,655.9000,888.9500,5.6988
"2022M02D23",743.8800,655.7500,891.2700,5.6967
"2022M02D24",744.0500,666.5300,891.4700,5.8002
"2022M02D25",744.1800,663.5000,888.6800,5.7404
"2022M02D28",744.0400,664.3800,890.5300,5.7539
"2022M03D01",743.7700,666.3400,892.9900,5.8039
"2022M03D02",743.8700,669.7900,892.8300,5.8079
"2022M03D03",743.9900,671.7100,898.8300,5.8043
"2022M03D04",743.9400,680.7000,902.9700,5.8963
"2022M03D07",744.0600,682.9400,900.5300,5.9264
"2022M03D08",744.4100,683.4500,894.8800,5.9066
"2022M03D09",744.4000,677.1600,890.7500,5.8471
"2022M03D10",744.0100,671.2500,883.8800,5.7882
"2022M03D11",744.0200,677.0000,886.0500,5.7918
"2022M03D14",744.0500,678.8800,886.6700,5.7544
"2022M03D15",744.1000,677.0100,885.2700,5.7384
"2022M03D16",744.1200,676.8400,885.9800,5.7218
"2022M03D17",744.3900,673.6000,882.8700,5.6707
"2022M03D18",744.2300,676.0800,886.7800,5.6639
"2022M03D21",744.1100,674.1300,888.2200,5.6556
"2022M03D22",744.0200,674.9100,893.9500,5.5958
"2022M03D23",743.8100,677.1100,893.1400,5.6073
"2022M03D24",743.9700,677.6900,893.2500,5.5641
"2022M03D25",744.0400,676.2800,892.3500,5.5496
"2022M03D28",743.9300,678.4000,889.4100,5.4729
"2022M03D29",743.8800,671.0700,880.9600,5.4433
"2022M03D30",743.9100,668.6200,879.7100,5.4913
"2022M03D31",743.7900,670.0200,879.2400,5.5026
"2022M04D01",743.8800,673.0700,884.0500,5.4960
"2022M04D04",743.8500,675.9200,886.7000,5.5067
"2022M04D05",743.7800,678.0700,890.8600,5.5193
"2022M04D06",743.7800,680.9300,891.0400,5.4973
"2022M04D07",743.7800,681.3700,891.2900,5.4965
"2022M04D08",743.7200,684.7600,892.2300,5.5143
"2022M04D11",743.7500,682.3400,888.6600,5.4284
"2022M04D12",743.7900,684.8300,891.2500,5.4574
"2022M04D13",743.7700,687.0200,893.1000,5.4585
"2022M04D19",743.9100,688.6100,896.7600,5.3751
"2022M04D20",744.0500,687.0300,896.8200,5.3710
"2022M04D21",744.0300,683.4100,890.8100,5.3293
"2022M04D22",744.0200,687.8200,886.5300,5.3592
"2022M04D25",743.9100,692.2700,882.1400,5.4012
"2022M04D26",743.9300,696.9600,884.2100,5.4640
"2022M04D27",744.1000,703.1100,883.5700,5.4887
"2022M04D28",744.2100,709.7900,882.2900,5.4270
"2022M04D29",744.1500,706.0200,886.8600,5.4314
"2022M05D02",743.9100,706.8700,887.6100,5.4447
"2022M05D03",744.0300,704.8400,884.3800,5.4285
"2022M05D04",744.0900,706.5700,883.7800,5.4377
"2022M05D05",744.0500,704.0600,873.4000,5.4239
"2022M05D06",744.0000,703.8800,868.9100,5.3952
"2022M05D09",743.8500,704.4700,872.7000,5.3863
"2022M05D10",743.8600,704.8100,869.0500,5.4146
"2022M05D11",743.9300,704.9500,871.1800,5.4274
"2022M05D12",744.1300,714.9600,872.4400,5.5594
"2022M05D16",744.1800,714.0500,875.0400,5.5120
"2022M05D17",744.1400,705.9500,881.6800,5.4588
"2022M05D18",744.1900,707.2000,878.9300,5.4817
"2022M05D19",744.2300,707.1100,878.3800,5.5350
"2022M05D20",744.2400,703.6400,877.4300,5.4990
"2022M05D23",744.1300,698.1200,877.6900,5.4695
"2022M05D24",744.1100,694.1300,867.7700,5.4518
"2022M05D25",744.0500,698.2500,872.3300,5.4976
"2022M05D30",743.9100,691.1100,873.6500,5.4201
"2022M05D31",743.9400,694.4300,873.8000,5.4160
"2022M06D01",743.9300,694.4800,873.5900,5.3644
"2022M06D02",743.9100,695.7600,873.1900,5.3627
"2022M06D03",743.8800,693.2700,870.8500,5.3290
"2022M06D07",743.9500,697.7600,871.4900,5.2517
"2022M06D08",743.8600,692.6700,869.2500,5.1686
"2022M06D09",743.9100,692.4600,868.5200,5.1686
"2022M06D10",743.8900,703.2400,874.6700,5.2501
"2022M06D13",743.9700,711.5900,866.5900,5.2948
"2022M06D14",744.0300,711.8500,859.3800,5.2911
"2022M06D15",743.9200,713.1800,861.7400,5.2952
"2022M06D16",743.8600,715.2500,869.5000,5.3809
"2022M06D17",743.8400,709.3600,869.9900,5.2676
"2022M06D20",743.8700,707.3000,867.5100,5.2407
"2022M06D21",743.9300,705.1500,864.9300,5.1752
"2022M06D22",743.8700,707.0300,866.1200,5.1979
"2022M06D23",743.8800,708.9300,866.8100,5.2345
"2022M06D24",743.9800,706.9400,867.3800,5.2323
"2022M06D27",744.0800,703.8200,863.2000,5.1943
"2022M06D28",743.9400,704.4200,861.5400,5.1781
"2022M06D29",743.9200,707.3500,860.4100,5.1830
"2022M06D30",743.9200,716.2000,866.8400,5.2559
"2022M07D01",743.9100,713.5800,858.5400,5.2741
"2022M07D04",743.9100,711.5400,865.4100,5.2569
"2022M07D05",743.9600,722.9900,866.6300,5.3227
"2022M07D06",744.0300,731.0900,868.4200,5.4029
"2022M07D07",744.0500,730.8900,874.2700,5.3874
"2022M07D08",744.2400,732.3000,879.8700,5.3911
"2022M07D11",744.1400,736.9200,880.2200,5.3624
"2022M07D12",744.0800,740.9700,877.2100,5.4190
"2022M07D13",744.1600,739.2100,882.0100,5.3917
"2022M07D14",744.2500,743.8800,880.1400,5.3528
"2022M07D15",744.3000,739.9300,875.7700,5.3359
"2022M07D18",744.3500,734.7300,878.7200,5.3107
"2022M07D19",744.4900,726.6900,872.7600,5.2797
"2022M07D20",744.5200,729.9900,874.0800,5.2833
"2022M07D21",744.4600,729.9300,870.2600,5.2627
"2022M07D22",744.4300,730.5500,874.3500,5.3360
"2022M07D25",744.4900,727.3300,877.8000,5.3239
"2022M07D26",744.4900,735.3700,880.4500,5.3812
"2022M07D27",744.4600,733.3100,884.8100,5.3601
"2022M07D28",744.4200,735.4500,890.6000,5.4234
"2022M07D29",744.3800,729.9300,886.2700,5.4565
"2022M08D01",744.5700,727.6200,889.5700,5.4999
"2022M08D02",744.3200,728.0100,889.6400,5.5588
"2022M08D03",744.2700,730.1100,889.9700,5.4653
"2022M08D04",744.2500,731.0200,883.5800,5.4801
"2022M08D05",744.1500,727.2100,883.0800,5.4629
"2022M08D08",744.0500,729.5300,884.0400,5.4066
"2022M08D09",744.0700,727.0600,880.3500,5.3817
"2022M08D10",743.9700,725.6800,879.3100,5.3848
"2022M08D11",743.9500,719.6300,879.6300,5.4474
"2022M08D12",743.9500,723.3300,878.1800,5.4117
"2022M08D15",743.7300,729.5000,881.4600,5.4843
"2022M08D16",743.6800,734.0600,883.0400,5.4638
"2022M08D17",743.7700,731.7700,883.2500,5.4147
"2022M08D18",743.8900,730.8800,881.4800,5.4231
"2022M08D19",743.7300,739.7400,875.6200,5.4023
"2022M08D22",743.7000,743.6300,878.4800,5.4253
"2022M08D23",743.7400,749.2100,881.8000,5.4550
"2022M08D24",743.8100,748.7500,882.5100,5.4797
"2022M08D25",743.7400,745.9800,882.3300,5.4659
"2022M08D26",743.7900,743.2700,879.2900,5.4283
"2022M08D29",743.7900,744.8300,870.7400,5.3707
"2022M08D30",743.7600,741.2400,868.4200,5.3620
"2022M08D31",743.7100,743.7100,864.4300,5.3612
"2022M09D01",743.7200,743.4200,860.0600,5.3374
"2022M09D02",743.7000,744.2200,859.9900,5.2985
"2022M09D05",743.6400,749.6400,861.1100,5.3319
"2022M09D06",743.6500,749.0400,867.3000,5.2775
"2022M09D07",743.6500,752.3000,859.6100,5.1931
"2022M09D08",743.6500,742.9800,858.1600,5.1768
"2022M09D09",743.6500,740.0200,856.1500,5.1895
"2022M09D12",743.6500,732.3000,856.9600,5.1467
"2022M09D13",743.6600,730.8700,856.8200,5.1464
"2022M09D14",743.6600,744.4000,859.7400,5.1975
"2022M09D15",743.6600,744.2600,855.4300,5.1848
"2022M09D16",743.6600,747.1000,850.8700,5.2176
"2022M09D19",743.7300,744.4700,847.2200,5.1857
"2022M09D20",743.6800,744.7200,850.9400,5.1882
"2022M09D21",743.6400,750.7000,851.4800,5.2127
"2022M09D22",743.6500,752.3800,852.2600,5.3431
"2022M09D23",743.6500,762.4100,843.1300,5.3335
"2022M09D26",743.6500,770.9400,831.7900,5.3473
"2022M09D27",743.6600,771.1100,833.0000,5.3393
"2022M09D28",743.6800,777.5000,823.8600,5.3738
"2022M09D29",743.6500,766.1800,831.0300,5.2944
"2022M09D30",743.6500,762.8700,842.1900,5.2737
"2022M10D03",743.6600,761.6300,854.0900,5.2559
"2022M10D04",743.7400,751.9400,852.2000,5.1901
"2022M10D05",743.8800,750.2600,851.7100,5.1954
"2022M10D06",743.9000,754.4600,849.3700,5.2138
"2022M10D07",743.8100,759.2200,851.2100,5.2411
"2022M10D10",743.8400,767.0800,847.8700,5.2695
"2022M10D11",743.9000,765.0900,848.2000,5.2558
"2022M10D12",743.9900,766.5300,846.9800,5.2269
"2022M10D13",743.8500,763.7800,859.8100,5.2039
"2022M10D14",743.7800,765.4400,856.6600,5.1784
"2022M10D17",743.7900,763.7200,862.3700,5.1296
"2022M10D18",743.9300,756.4100,855.8000,5.0728
"2022M10D19",743.9000,760.7900,855.1300,5.0834
"2022M10D20",743.8900,758.2200,852.5200,5.0608
"2022M10D21",743.8200,764.4600,847.8700,5.0398
"2022M10D24",743.8500,755.1000,854.3100,5.0685
"2022M10D25",743.8700,754.3600,853.6200,5.0659
"2022M10D26",743.8100,742.1000,858.8700,5.0489
"2022M10D27",743.8700,741.1300,857.5400,5.0476
"2022M10D28",744.2300,747.8900,864.1800,5.0700
"2022M10D31",744.4400,750.9000,864.4700,5.0505
"2022M11D01",744.3800,748.3500,864.9700,5.0863
"2022M11D02",744.3100,751.2200,864.4700,5.1068
"2022M11D03",744.3300,763.1800,853.3200,5.1482
"2022M11D04",744.1900,753.8400,850.7200,5.1256
"2022M11D07",743.9300,744.4500,853.7700,5.0891
"2022M11D08",743.7800,744.0800,851.2200,5.0857
"2022M11D09",743.8200,740.9300,847.4300,5.0662
"2022M11D10",743.8100,747.2500,852.0400,5.1132
"2022M11D11",743.8400,721.6100,849.7300,5.1695
"2022M11D14",743.8200,720.8300,849.9500,5.1348
"2022M11D15",743.8800,714.9900,850.5900,5.1359
"2022M11D16",743.8600,714.4300,850.2900,5.1198
"2022M11D17",743.8300,720.8400,850.3300,5.1369
"2022M11D18",743.8500,717.5900,854.3800,5.1258
"2022M11D21",743.7700,725.9100,856.9500,5.1178
"2022M11D22",743.7700,723.9300,861.2600,5.1224
"2022M11D23",743.7000,720.2900,861.0700,5.1026
"2022M11D24",743.6900,714.1900,865.4300,5.1681
"2022M11D25",743.6500,716.7700,865.8700,5.1421
"2022M11D28",743.6700,710.7600,858.6800,5.1323
"2022M11D29",743.6700,717.4100,862.5500,5.1874
"2022M11D30",743.6600,716.7100,859.8400,5.1543
"2022M12D01",743.7300,711.4300,867.6800,5.2199
"2022M12D02",743.7300,705.7600,866.2600,5.2627
"2022M12D05",743.6900,702.4600,863.9000,5.1981
"2022M12D06",743.8000,707.3000,863.1800,5.1894
"2022M12D07",743.8200,706.4500,860.8200,5.1497
"2022M12D08",743.8200,707.1200,862.3200,5.1744
"2022M12D09",743.7900,704.4100,865.3800,5.1904
"2022M12D12",743.7900,704.2100,864.8100,5.1345
"2022M12D13",743.9100,705.4600,867.5000,5.1357
"2022M12D14",743.9200,698.5800,863.8400,5.1776
"2022M12D15",743.8700,700.3800,863.0200,5.1277
"2022M12D16",743.7900,700.4300,852.6500,5.1109
"2022M12D19",743.8200,701.8500,853.8100,5.1422
"2022M12D20",743.8800,701.8400,849.8600,5.2915
"2022M12D21",743.8000,699.3200,848.5900,5.3019
"2022M12D22",743.6700,699.4000,842.7500,5.2960
"2022M12D23",743.6400,700.0900,844.7600,5.2793
"2022M12D27",743.6600,699.9800,841.8800,5.2489
"2022M12D28",743.6500,698.9200,844.5000,5.2292
"2022M12D29",743.6500,698.3300,839.8200,5.2281
"2022M12D30",743.6500,697.2200,838.4500,5.2869
"2023M01D02",743.7400,696.1900,839.1500,5.3269
"2023M01D03",743.7000,705.2600,844.6500,5.3919
"2023M01D04",743.7400,701.7100,844.4300,5.3607
"2023M01D05",743.7300,701.5700,842.2500,5.2766
"2023M01D06",743.7000,708.2900,840.5800,5.2633
"2023M01D09",743.7400,695.3400,844.7000,5.2617
"2023M01D10",743.7500,693.6000,842.0100,5.2406
"2023M01D11",743.7500,692.0500,838.7600,5.2153
"2023M01D12",743.8500,690.5400,838.7100,5.2902
"2023M01D13",743.8700,687.8800,837.6900,5.3508
"2023M01D16",743.9200,688.0500,838.1400,5.3550
"2023M01D17",743.8600,686.0300,839.6200,5.3323
"2023M01D18",743.9900,686.4000,849.9800,5.3222
"2023M01D19",743.9800,687.9100,848.8300,5.3516
"2023M01D20",743.9100,687.1500,849.2100,5.2812
"2023M01D23",743.9300,684.3300,845.6600,5.2519
"2023M01D24",743.9900,685.2000,841.9200,5.2590
"2023M01D25",743.8100,683.7700,842.8600,5.2689
"2023M01D26",743.8300,682.7300,845.7900,5.2612
"2023M01D27",743.7800,684.5700,846.3100,5.2713
"2023M01D30",743.8300,682.2300,845.4700,5.2460
"2023M01D31",743.8800,686.6800,844.6200,5.2657
"2023M02D01",743.9600,682.9100,841.4600,5.2625
"2023M02D02",743.9300,677.0400,833.1700,5.2716
"2023M02D03",744.4300,680.6500,834.1000,5.3003
"2023M02D06",744.3200,690.7200,833.7100,5.2266
"2023M02D07",744.1500,695.4700,832.9600,5.2665
"2023M02D08",744.2100,693.2600,838.0700,5.2852
"2023M02D09",744.1900,690.9200,840.7500,5.2854
"2023M02D10",744.4500,696.4000,842.6300,5.3221
"2023M02D13",744.8500,697.0300,843.7300,5.2584
"2023M02D14",745.1400,692.5700,845.5500,5.2423
"2023M02D15",745.1500,696.4000,838.9000,5.2090
"2023M02D16",744.9000,696.1700,838.0700,5.1978
"2023M02D17",744.6400,700.8400,837.7300,5.2007
"2023M02D20",744.6100,697.5900,839.1100,5.2038
"2023M02D21",744.5600,698.2000,846.8100,5.1792
"2023M02D22",744.5900,699.5400,846.6500,5.1982
"2023M02D23",744.2900,701.1000,844.4400,5.1932
"2023M02D24",744.3800,704.2400,843.5400,5.1855
"2023M02D27",744.2600,705.1900,845.0500,5.1728
"2023M02D28",744.4300,701.0400,848.8300,5.1259
"2023M03D01",744.3100,696.6600,840.3300,5.1396
"2023M03D02",744.1700,701.7200,838.1700,5.1297
"2023M03D03",744.1200,701.0100,840.5300,5.1478
"2023M03D06",744.2300,699.0700,839.7000,5.1454
"2023M03D07",744.2600,697.8500,836.5500,5.1254
"2023M03D08",744.1200,705.6600,835.4000,5.1425
"2023M03D09",744.2100,705.1400,837.9400,5.1746
"2023M03D10",744.2500,703.0500,843.2700,5.1434
"2023M03D13",744.4400,695.3500,842.4100,5.2440
"2023M03D14",744.4700,693.3700,845.4700,5.1667
"2023M03D15",744.4600,705.7200,853.3200,5.3362
"2023M03D16",744.7600,702.9400,848.0500,5.3129
"2023M03D17",744.5000,700.8400,850.9700,5.2963
"2023M03D20",744.5000,694.6900,850.2700,5.2888
"2023M03D21",744.6500,691.0300,845.8800,5.2209
"2023M03D22",744.7200,690.5100,846.9900,5.2031
"2023M03D23",744.8200,684.6400,841.3900,5.2133
"2023M03D24",745.1900,693.5200,847.3800,5.3285
"2023M03D27",745.1500,691.6800,848.5200,5.2609
"2023M03D28",744.9200,687.1300,847.1000,5.2574
"2023M03D29",744.9500,686.7800,846.6500,5.1884
"2023M03D30",744.9300,684.3000,844.9400,5.1581
"2023M03D31",744.8500,684.9200,847.1900,5.1429
"2023M04D03",745.0400,685.4100,848.6600,5.1556
"2023M04D04",745.1300,683.5400,853.2100,5.1410
"2023M04D05",744.9800,680.9700,849.6100,5.1828
"2023M04D11",745.0500,683.2200,849.1800,5.1284
"2023M04D12",745.0600,682.1600,846.2900,5.1000
"2023M04D13",745.0900,676.4300,846.1400,5.0752
"2023M04D14",745.1000,673.8700,842.4900,5.0825
"2023M04D17",745.2000,678.6300,843.2400,5.0704
"2023M04D18",745.1300,679.1200,845.3600,5.0727
"2023M04D19",745.1400,681.5500,845.7100,5.0607
"2023M04D20",745.2400,680.9600,845.3900,5.0538
"2023M04D21",745.2700,678.8800,841.4500,5.0726
"2023M04D24",745.3000,677.4200,842.5000,5.0300
"2023M04D25",745.3000,676.1900,840.7700,5.0389
"2023M04D26",745.3400,675.1900,841.6200,5.0473
"2023M04D27",745.3800,675.0400,842.9200,5.0651
"2023M04D28",745.3800,678.7900,846.5400,4.9908
"2023M05D01",..,..,..,..
"2023M05D02",745.3800,679.7800,848.3000,4.9461
"2023M05D03",745.1400,674.7600,844.2100,4.9789
"2023M05D04",745.0300,672.7700,846.4800,5.0029
"2023M05D08",744.7300,674.7600,853.7700,4.9932
"2023M05D09",744.5200,679.3700,855.8700,5.0316
"2023M05D10",744.7800,680.1600,857.9100,5.0262
"2023M05D11",744.8400,681.4600,858.1600,5.0828
"2023M05D12",744.8400,683.8400,855.9400,5.0662
"2023M05D15",744.7100,684.7300,856.5500,5.0267
"2023M05D16",744.6800,684.3900,856.5600,5.0354
"2023M05D17",744.7600,687.7500,857.0800,5.0216
"2023M05D22",744.7800,688.2100,857.5900,4.9771
"2023M05D23",744.7500,690.9300,856.1000,4.9916
"2023M05D24",744.7700,690.5600,856.1300,4.9884
"2023M05D25",745.0200,694.0100,858.3900,4.9791
"2023M05D26",744.8900,692.8600,858.0400,4.9580
"2023M05D30",744.8600,693.2800,862.4600,4.9654
"2023M05D31",744.8000,697.1800,861.9900,4.9943
"2023M06D01",744.7700,696.2400,867.8000,4.9901
"2023M06D02",744.8800,692.0700,866.8500,4.9838
"2023M06D06",744.9400,697.3100,865.1700,4.9966
"2023M06D07",744.9400,695.1000,866.5100,4.9855
"2023M06D08",744.9800,693.8400,865.1200,4.9672
"2023M06D09",745.0500,691.1400,868.4100,4.9591
"2023M06D12",745.2000,692.2400,869.7700,4.9670
"2023M06D13",745.2400,690.4800,868.0700,4.9478
"2023M06D14",745.2900,689.5100,872.1400,4.9288
"2023M06D15",745.2300,688.8200,871.0500,4.8752
"2023M06D16",745.0500,679.4200,872.1400,4.8177
"2023M06D19",744.9800,682.0900,873.6900,4.8082
"2023M06D20",744.9100,681.3400,869.1600,4.8211
"2023M06D21",744.7900,681.8500,867.7700,4.8085
"2023M06D22",744.8600,678.0700,864.9600,4.7732
"2023M06D23",744.8500,684.3500,871.3800,4.7796
"2023M06D26",744.5800,681.9700,867.0200,4.7604
"2023M06D27",744.7400,680.0700,866.0800,4.7393
"2023M06D28",744.6900,680.8300,861.7100,4.7186
"2023M06D29",744.7600,680.8900,861.9900,4.7214
"2023M06D30",744.7400,685.3900,867.7100,4.7387
"2023M07D03",744.6800,683.2600,866.1100,4.7188
"2023M07D04",744.7900,683.6100,869.3400,4.7336
"2023M07D05",744.8200,684.6400,869.2500,4.7362
"2023M07D06",744.9300,683.4800,873.2000,4.7578
"2023M07D07",745.1500,684.3800,873.5800,4.7763
"2023M07D10",745.1200,680.1000,869.1200,4.7847
"2023M07D11",745.2900,678.2100,875.6800,4.8311
"2023M07D12",745.2400,676.1400,872.8700,4.8443
"2023M07D13",745.2300,666.4600,871.0700,4.8129
"2023M07D14",744.8400,663.7900,870.2400,4.7897
"2023M07D17",745.0400,663.4400,867.6100,4.7950
"2023M07D18",745.0900,662.0100,868.0200,4.7947
"2023M07D19",745.0700,663.9400,857.2100,4.7529
"2023M07D20",745.0800,665.4300,857.2000,4.7655
"2023M07D21",745.0800,669.8600,859.3200,4.7268
"2023M07D24",745.1400,671.5400,862.9300,4.7622
"2023M07D25",745.1500,674.2800,864.9600,4.7711
"2023M07D26",745.1700,673.8100,869.5600,4.7983
"2023M07D27",745.1800,669.8200,867.6500,4.7783
"2023M07D28",745.2700,676.9000,871.0500,4.8599
"2023M07D31",745.2900,676.1200,868.9900,4.7552
"2023M08D01",745.1800,679.2900,867.8500,4.7509
"2023M08D02",745.1800,678.3600,866.1100,4.7500
"2023M08D03",745.1700,681.6400,861.7900,4.7694
"2023M08D04",745.1400,680.7400,864.5000,4.7732
"2023M08D07",745.1500,678.4000,864.8100,4.7702
"2023M08D08",745.1500,680.8800,864.8600,4.7598
"2023M08D09",745.1100,679.3500,864.6000,4.7354
"2023M08D10",745.1200,676.2100,863.2800,4.7031
"2023M08D11",745.1000,677.1200,862.2300,4.6870
"2023M08D14",745.1500,681.7500,864.2900,4.6959
"2023M08D15",745.1900,682.0300,866.9500,4.6856
"2023M08D16",745.2000,682.6700,870.1000,4.6847
"2023M08D17",745.1800,683.6500,872.6300,4.6902
"2023M08D18",745.1400,685.6900,871.5800,4.7128
"2023M08D21",745.2400,683.2000,871.8800,4.6826
"2023M08D22",745.3500,684.6200,873.9200,4.6966
"2023M08D23",745.3100,689.7800,870.1500,4.7387
"2023M08D24",745.3900,687.6300,870.2700,4.7189
"2023M08D25",745.3700,689.6500,870.3200,4.7250
"2023M08D28",745.3000,689.5800,868.5000,4.7067
"2023M08D29",745.2900,689.8900,868.0300,4.6894
"2023M08D30",745.3100,684.6500,867.4500,4.6831
"2023M08D31",745.2300,685.7100,869.4000,4.7021
"2023M09D01",745.2800,687.2700,871.2900,4.7328
"2023M09D04",745.2700,690.0000,871.1500,4.7136
"2023M09D05",745.3300,694.5600,871.3700,4.7113
"2023M09D06",745.6300,693.9300,872.0500,4.7138
"2023M09D07",745.9900,696.5400,868.4400,4.7304
"2023M09D08",745.9100,696.8500,870.0200,4.7257
"2023M09D11",745.8200,695.4700,870.7800,4.7456
"2023M09D12",746.0100,696.3600,868.2100,4.7390
"2023M09D13",746.0900,695.1400,866.6400,4.7137
"2023M09D14",746.0100,695.2600,867.5000,4.7177
"2023M09D15",745.7300,699.6900,868.3600,4.7348
"2023M09D18",745.5100,699.1600,865.4500,4.7352
"2023M09D19",745.5100,695.8900,864.2300,4.7125
"2023M09D20",745.2800,696.3900,861.3000,4.7086
"2023M09D21",745.4700,700.9600,859.7000,4.7380
"2023M09D22",745.5700,700.2600,859.0000,4.7227
"2023M09D25",745.7100,701.3200,857.4800,4.7173
"2023M09D26",745.7500,703.2100,856.9900,4.7238
"2023M09D27",745.6600,707.7300,858.9600,4.7434
"2023M09D28",745.5800,707.4500,863.6100,4.7390
"2023M09D29",745.7100,703.9000,862.5100,4.7167
"2023M10D02",745.8500,708.3100,860.9800,4.7304
"2023M10D03",745.8400,712.4300,859.5100,4.7503
"2023M10D04",745.8900,710.5700,861.4200,4.7667
"2023M10D05",745.7800,708.5100,861.1300,4.7590
"2023M10D06",745.7500,706.0000,862.0400,4.7358
"2023M10D09",745.7100,708.1100,861.8900,4.7479
"2023M10D10",745.6400,704.6300,863.1100,4.7279
"2023M10D11",745.6700,703.2000,864.3900,4.7233
"2023M10D12",745.6200,702.1600,864.3900,4.7087
"2023M10D13",745.8200,708.6800,863.0700,4.7372
"2023M10D16",745.9200,707.8400,861.8900,4.7348
"2023M10D17",746.1000,705.9300,859.3600,4.7213
"2023M10D18",746.1000,706.2000,861.4500,4.7192
"2023M10D19",746.2500,706.8100,856.7900,4.7168
"2023M10D20",746.2000,704.5600,855.6100,4.6990
"2023M10D23",746.3400,704.2900,856.3600,4.6966
"2023M10D24",746.4800,702.1100,857.7800,4.6872
"2023M10D25",746.3900,705.7400,855.5600,4.7076
"2023M10D26",746.3200,708.0800,856.1700,4.7092
"2023M10D27",746.3900,708.0800,857.6900,4.7216
"2023M10D30",746.3900,703.8100,854.5300,4.7002
"2023M10D31",746.4700,702.9600,854.4200,4.6567
"2023M11D01",746.4400,708.4000,858.5200,4.6849
"2023M11D02",746.3500,700.0800,854.8800,4.6679
"2023M11D03",746.2500,697.3000,857.9300,4.6679
"2023M11D06",745.8700,694.4100,860.8800,4.6365
"2023M11D07",745.7700,697.8900,858.6400,4.6387
"2023M11D08",745.8000,698.9000,857.0900,4.6332
"2023M11D09",745.8400,697.6300,855.2700,4.6162
"2023M11D10",745.7700,698.0900,852.9400,4.6101
"2023M11D13",745.9800,699.1400,855.9200,4.6060
"2023M11D14",745.9700,695.6100,855.1800,4.5858
"2023M11D15",745.8800,686.3100,855.4800,4.5650
"2023M11D16",745.9200,687.5500,852.2900,4.5469
"2023M11D17",745.8200,686.0000,853.3900,4.5956
"2023M11D20",745.6500,682.3300,850.9100,4.5994
"2023M11D21",745.5600,680.5700,853.7700,4.6133
"2023M11D22",745.4700,683.2300,856.5700,4.5946
"2023M11D23",745.5900,684.0300,857.5900,4.5747
"2023M11D24",745.5900,683.0200,858.8000,4.5658
"2023M11D27",745.5400,680.8000,860.2000,4.5778
"2023M11D28",745.6000,680.9800,858.7900,4.5815
"2023M11D29",745.6500,678.7900,861.7700,4.5994
"2023M11D30",745.4800,681.9900,863.1400,4.6249
"2023M12D01",745.4300,685.4500,866.3300,4.6260
"2023M12D04",745.6400,686.0900,869.1500,4.6757
"2023M12D05",745.5900,689.2800,869.7700,4.6854
"2023M12D06",745.5700,691.7500,870.8900,4.6980
"2023M12D07",745.5100,692.1500,869.4000,4.7734
"2023M12D08",745.5800,691.8300,870.0900,4.7938
"2023M12D11",745.6300,693.1600,871.2700,4.7330
"2023M12D12",745.6900,690.2000,867.8100,4.7545
"2023M12D13",745.6600,691.2600,865.8400,4.7455
"2023M12D14",745.6600,682.9000,867.5000,4.8169
"2023M12D15",745.5600,681.1300,868.6200,4.8054
"2023M12D18",745.4900,682.8100,864.2100,4.7803
"2023M12D19",745.6400,680.2000,866.0700,4.7133
"2023M12D20",745.6500,681.3300,861.4800,4.7457
"2023M12D21",745.5800,678.8500,858.9100,4.7553
"2023M12D22",745.6000,676.4000,860.3700,4.7594
"2023M12D27",745.4900,673.7400,858.5600,4.7240
"2023M12D28",745.4500,670.7300,856.2500,4.7611
"2023M12D29",745.2900,674.4700,857.5900,4.7674
"2024M01D02",745.5100,680.4600,860.4200,4.7887
"2024M01D03",745.8100,683.0400,862.5100,4.7759
"2024M01D04",745.9000,681.0000,864.5300,4.7236
"2024M01D05",745.8400,682.9400,865.1400,4.7035
"2024M01D08",746.1500,681.6600,866.1100,4.7168
"2024M01D09",745.7700,681.6900,867.8000,4.7311
"2024M01D10",745.8200,681.3600,867.0000,4.6898
"2024M01D11",745.6800,678.6900,865.6100,4.6690
"2024M01D12",745.6500,681.4600,867.5400,4.6846
"2024M01D15",745.9000,681.5000,866.5700,4.6715
"2024M01D16",745.8200,685.3700,866.4500,4.6719
"2024M01D17",745.8600,685.7200,869.1200,4.6428
"2024M01D18",745.7100,685.7100,869.4000,4.6349
"2024M01D19",745.7500,684.9900,868.9200,4.6271
"2024M01D22",745.8500,684.8900,871.5700,4.6340
"2024M01D23",745.7400,685.9300,872.2800,4.6354
"2024M01D24",745.6800,683.8000,871.7000,4.6471
"2024M01D25",745.6000,684.4800,871.6600,4.6365
"2024M01D26",745.4900,685.7600,873.2700,4.6413
"2024M01D29",745.3800,688.7000,874.3500,4.6548
"2024M01D30",745.4300,687.2900,870.5400,4.6598
"2024M01D31",745.5000,687.9200,872.5900,4.6538
"2024M02D01",745.4200,689.3100,873.3400,4.6894
"2024M02D02",745.4000,684.9200,874.2400,4.6710
"2024M02D05",745.6000,693.8400,871.0800,4.6682
"2024M02D06",746.0500,694.4500,872.9800,4.6757
"2024M02D07",745.8600,692.1500,874.3400,4.6701
"2024M02D08",745.6200,693.0800,873.3200,4.6442
"2024M02D09",745.3600,691.9400,872.3800,4.6296
"2024M02D12",745.4800,691.9900,873.0200,4.6444
"2024M02D13",745.4800,690.7100,876.0300,4.6254
"2024M02D14",745.3700,695.7600,874.2500,4.6216
"2024M02D15",745.4700,693.9100,870.5200,4.6228
"2024M02D16",745.4600,692.2900,870.8100,4.6050
"2024M02D19",745.4700,691.7900,872.4300,4.6133
"2024M02D20",745.4200,690.0800,870.2100,4.5963
"2024M02D21",745.4500,689.6600,870.6600,4.5981
"2024M02D22",745.4000,687.3800,870.5400,4.5696
"2024M02D23",745.4400,688.0600,873.4900,4.5758
"2024M02D26",745.4200,686.9000,871.8900,4.5625
"2024M02D27",745.5100,686.7300,870.7200,4.5726
"2024M02D28",745.4000,689.6700,871.3200,4.5767
"2024M02D29",745.4000,688.5300,870.2400,4.5862
"2024M03D01",745.4300,689.3800,870.9500,4.5782
"2024M03D04",745.3900,687.2500,870.9600,4.5668
"2024M03D05",745.4200,687.0900,871.4000,4.5728
"2024M03D06",745.4400,685.5300,871.8800,4.5825
"2024M03D07",745.5200,684.2800,872.5100,4.6280
"2024M03D08",745.4700,681.9200,875.2900,4.6305
"2024M03D11",745.5200,682.3400,874.9400,4.6470
"2024M03D12",745.7100,683.1300,872.6000,4.6205
"2024M03D13",745.7300,681.7200,872.7000,4.6081
"2024M03D14",745.6800,682.5400,872.9600,4.6115
"2024M03D15",745.7100,684.6400,873.0900,4.6023
"2024M03D18",745.7300,684.6600,871.9400,4.5888
"2024M03D19",745.7100,687.0400,872.7400,4.5645
"2024M03D20",745.7200,687.6800,872.8200,4.5322
"2024M03D21",745.7900,683.7700,870.4600,4.5210

